{
  "total_screened": 104,
  "included": 44,
  "excluded": 60,
  "inclusion_rate": 42.30769230769231,
  "papers_included": [
    3,
    5,
    6,
    11,
    15,
    17,
    20,
    22,
    25,
    27,
    31,
    37,
    38,
    41,
    52,
    57,
    65,
    66,
    85,
    87,
    88,
    89,
    90,
    96,
    100,
    104,
    107,
    108,
    113,
    114,
    119,
    125,
    126,
    136,
    137,
    145,
    147,
    148,
    150,
    152,
    153,
    154,
    155,
    156
  ],
  "papers_excluded": [
    1,
    2,
    4,
    7,
    9,
    12,
    13,
    14,
    23,
    24,
    26,
    29,
    30,
    33,
    36,
    39,
    40,
    42,
    43,
    44,
    45,
    47,
    48,
    49,
    51,
    53,
    56,
    59,
    60,
    61,
    68,
    70,
    72,
    73,
    74,
    84,
    86,
    91,
    92,
    93,
    94,
    95,
    97,
    98,
    102,
    103,
    109,
    116,
    123,
    124,
    127,
    128,
    134,
    138,
    139,
    142,
    143,
    144,
    146,
    151
  ],
  "average_relevance_score": 2.1923076923076925,
  "score_distribution": {
    "min": 0.0,
    "max": 6.0,
    "median": 2.0
  }
}